INSERT INTO Users (userid, password, username, role, correo, rut, region, district, isMember, profilePicture) VALUES
(1, 'pass123', 'juan_perez', 1, 'juan@email.com', '12345678-9', 'Metropolitana', 'Santiago', true, NULL),
(2, 'pass456', 'maria_gonzalez', 1, 'maria@email.com', '23456789-0', 'Valparaíso', 'Viña del Mar', true, NULL),
(3, 'pass789', 'carlos_lopez', 2, 'carlos@email.com', '34567890-1', 'Metropolitana', 'Providencia', false, NULL),
(4, 'pass012', 'ana_martinez', 1, 'ana@email.com', '45678901-2', 'Biobío', 'Concepción', true, NULL),
(5, 'pass345', 'pedro_rodriguez', 2, 'pedro@email.com', '56789012-3', 'Araucanía', 'Temuco', false, NULL),
(6, 'pass678', 'laura_silva', 1, 'laura@email.com', '67890123-4', 'Metropolitana', 'Las Condes', true, NULL),
(7, 'pass901', 'miguel_torres', 1, 'miguel@email.com', '78901234-5', 'Valparaíso', 'Valparaíso', false, NULL),
(8, 'pass234', 'isabel_ruiz', 2, 'isabel@email.com', '89012345-6', 'Metropolitana', 'Ñuñoa', true, NULL),
(9, 'pass567', 'roberto_diaz', 1, 'roberto@email.com', '90123456-7', 'Maule', 'Talca', false, NULL),
(10, 'pass890', 'elena_castro', 1, 'elena@email.com', '01234567-8', 'Los Lagos', 'Puerto Montt', true, NULL),
(11, 'pass111', 'francisco_vega', 2, 'francisco@email.com', '11223344-5', 'Metropolitana', 'La Reina', false, NULL),
(12, 'pass222', 'claudia_mendoza', 1, 'claudia@email.com', '22334455-6', 'Antofagasta', 'Antofagasta', true, NULL),
(13, 'pass333', 'jorge_herrera', 1, 'jorge@email.com', '33445566-7', 'Metropolitana', 'Macul', false, NULL),
(14, 'pass444', 'patricia_nunez', 2, 'patricia@email.com', '44556677-8', 'Valparaíso', 'Quilpué', true, NULL),
(15, 'pass555', 'ricardo_rios', 1, 'ricardo@email.com', '55667788-9', 'Metropolitana', 'La Florida', false, NULL),
(16, 'pass666', 'veronica_paredes', 1, 'veronica@email.com', '66778899-0', 'Biobío', 'Chillán', true, NULL),
(17, 'pass777', 'fernando_moya', 2, 'fernando@email.com', '77889900-1', 'Araucanía', 'Villarrica', false, NULL),
(18, 'pass888', 'gabriela_zuniga', 1, 'gabriela@email.com', '88990011-2', 'Metropolitana', 'Peñalolén', true, NULL),
(19, 'pass999', 'humberto_salazar', 1, 'humberto@email.com', '99001122-3', 'Los Ríos', 'Valdivia', false, NULL),
(20, 'pass000', 'daniela_contreras', 2, 'daniela@email.com', '00112233-4', 'Metropolitana', 'San Miguel', true, NULL),
(21, 'pass112', 'esteban_miranda', 1, 'esteban@email.com', '12121212-1', 'Tarapacá', 'Iquique', false, NULL),
(22, 'pass113', 'natalia_bravo', 1, 'natalia@email.com', '13131313-2', 'Metropolitana', 'Quilicura', true, NULL),
(23, 'pass114', 'oscar_figueroa', 2, 'oscar@email.com', '14141414-3', 'Valparaíso', 'Villa Alemana', false, NULL),
(24, 'pass115', 'paola_sepulveda', 1, 'paola@email.com', '15151515-4', 'Metropolitana', 'Puente Alto', true, NULL),
(25, 'pass116', 'raul_munoz', 1, 'raul@email.com', '16161616-5', 'O Higgins', 'Rancagua', false, NULL),
(26, 'pass117', 'sonia_carrasco', 2, 'sonia@email.com', '17171717-6', 'Metropolitana', 'Maipú', true, NULL),
(27, 'pass118', 'tomas_vera', 1, 'tomas@email.com', '18181818-7', 'Magallanes', 'Punta Arenas', false, NULL),
(28, 'pass119', 'ursula_gutierrez', 1, 'ursula@email.com', '19191919-8', 'Metropolitana', 'Recoleta', true, NULL),
(29, 'pass120', 'victor_araya', 2, 'victor@email.com', '20202020-9', 'Coquimbo', 'La Serena', false, NULL),
(30, 'pass121', 'walter_oliva', 1, 'walter@email.com', '21212121-0', 'Metropolitana', 'Huechuraba', true, NULL),
(31, 'pass122', 'ximena_perez', 1, 'ximena@email.com', '22222222-1', 'Arica y Parinacota', 'Arica', false, NULL),
(32, 'pass123', 'yolanda_molina', 2, 'yolanda@email.com', '23232323-2', 'Metropolitana', 'Cerro Navia', true, NULL),
(33, 'pass124', 'zoe_sanchez', 1, 'zoe@email.com', '24242424-3', 'Los Lagos', 'Osorno', false, NULL),
(34, 'pass125', 'alberto_campos', 1, 'alberto@email.com', '25252525-4', 'Metropolitana', 'Lo Barnechea', true, NULL),
(35, 'pass126', 'beatriz_reyes', 2, 'beatriz@email.com', '26262626-5', 'Maule', 'Curicó', false, NULL),
(36, 'pass127', 'camilo_jara', 1, 'camilo@email.com', '27272727-6', 'Metropolitana', 'El Bosque', true, NULL),
(37, 'pass128', 'diana_pino', 1, 'diana@email.com', '28282828-7', 'Biobío', 'Los Ángeles', false, NULL),
(38, 'pass129', 'ernesto_cordova', 2, 'ernesto@email.com', '29292929-8', 'Metropolitana', 'La Cisterna', true, NULL),
(39, 'pass130', 'florencia_arias', 1, 'florencia@email.com', '30303030-9', 'Valparaíso', 'Limache', false, NULL),
(40, 'pass131', 'gonzalo_vidal', 1, 'gonzalo@email.com', '31313131-0', 'Metropolitana', 'San Bernardo', true, NULL);

INSERT INTO Post (postId, userid, title, content, date, likes, dislikes) VALUES
(1, 1, 'Mi primera publicación', 'Hola a todos, esta es mi primera publicación en la plataforma.', '2024-01-15', 15, 2),
(2, 2, 'Consejos para estudiar', 'Comparto algunos consejos que me han servido para estudiar mejor.', '2024-01-16', 23, 1),
(3, 3, 'Duda sobre matemáticas', 'Tengo una duda sobre cómo resolver este problema de cálculo.', '2024-01-17', 8, 3),
(4, 4, 'Recomendación de libros', 'Les recomiendo estos libros para aprender programación.', '2024-01-18', 31, 0),
(5, 5, 'Experiencia en la universidad', 'Comparto mi experiencia durante el primer año de universidad.', '2024-01-19', 12, 4),
(6, 6, 'Tips para exámenes', 'Algunos tips que me han ayudado a rendir mejor en los exámenes.', '2024-01-20', 27, 2),
(7, 7, 'Problema con física', '¿Alguien puede ayudarme con este problema de física?', '2024-01-21', 5, 1),
(8, 8, 'Recursos gratuitos', 'Comparto una lista de recursos gratuitos para aprender online.', '2024-01-22', 0, 0),
(9, 9, 'Mi proyecto final', 'Estoy trabajando en mi proyecto final y quería compartir el avance.', '2024-01-23', 18, 5),
(10, 10, 'Pregunta sobre química', 'Tengo una duda sobre la tabla periódica y sus elementos.', '2024-01-24', 9, 2),
(11, 11, 'Consejos de organización', 'Cómo me organizo para cumplir con todas mis tareas.', '2024-01-25', 22, 1),
(12, 12, 'Duda histórica', '¿Alguien sabe sobre este evento histórico específico?', '2024-01-26', 6, 4),
(13, 13, 'Recomendación de apps', 'Las mejores apps para estudiantes según mi experiencia.', '2024-01-27', 33, 2),
(14, 14, 'Problema con inglés', 'Necesito ayuda con esta estructura gramatical en inglés.', '2024-01-28', 11, 1),
(15, 15, 'Mi rutina de estudio', 'Comparto mi rutina diaria de estudio que me ha dado resultados.', '2024-01-29', 29, 3),
(16, 16, 'Pregunta sobre biología', 'Duda sobre el proceso de fotosíntesis en las plantas.', '2024-01-30', 7, 2),
(17, 17, 'Consejos para presentaciones', 'Cómo superar el miedo a hablar en público.', '2024-01-31', 25, 1),
(18, 18, 'Recursos de programación', 'Los mejores recursos para aprender a programar desde cero.', '2024-02-01', 0, 0),
(19, 19, 'Duda filosófica', 'Reflexión sobre el conocimiento y el aprendizaje.', '2024-02-02', 0, 0),
(20, 20, 'Experiencia laboral', 'Cómo fue mi primera experiencia laboral en mi área de estudio.', '2024-02-03', 0, 0),
(21, 21, 'Tips para la memoria', 'Ejercicios y técnicas para mejorar la memoria.', '2024-02-04', 0, 0),
(22, 22, 'Problema estadística', 'Necesito ayuda con este problema de estadística descriptiva.', '2024-02-05', 0, 0),
(23, 23, 'Recomendación podcasts', 'Podcasts educativos que valen la pena escuchar.', '2024-02-06', 0, 0),
(24, 24, 'Mi método de lectura', 'Cómo abordo la lectura de textos complejos.', '2024-02-07', 0, 0),
(25, 25, 'Duda geográfica', 'Pregunta sobre formaciones geológicas en Chile.', '2024-02-08', 0, 0),
(26, 26, 'Consejos tiempo libre', 'Cómo equilibrar estudio y tiempo libre efectivamente.', '2024-02-09', 0, 0),
(27, 27, 'Problema álgebra', 'Ayuda con este sistema de ecuaciones algebraicas.', '2024-02-10', 0, 0),
(28, 28, 'Recursos visuales', 'Canales de YouTube para aprender de manera visual.', '2024-02-11', 0, 0),
(29, 29, 'Experiencia intercambio', 'Mi experiencia en un programa de intercambio estudiantil.', '2024-02-12', 0, 0),
(30, 30, 'Pregunta literatura', 'Análisis de esta obra literaria chilena.', '2024-02-13', 0, 0),
(31, 31, 'Consejos investigación', 'Cómo realizar una investigación académica efectiva.', '2024-02-14', 0, 0),
(32, 32, 'Duda economía', 'Pregunta sobre conceptos económicos básicos.', '2024-02-15', 0, 0),
(33, 33, 'Recomendación cursos', 'Cursos online que recomiendo totalmente.', '2024-02-16', 0, 0),
(34, 34, 'Problema geometría', 'Necesito ayuda con este problema de geometría analítica.', '2024-02-17', 0, 0),
(35, 35, 'Mi experiencia posgrado', 'Cómo es estudiar un posgrado en el extranjero.', '2024-02-18', 0, 0),
(36, 36, 'Tips concentración', 'Ejercicios para mejorar la concentración al estudiar.', '2024-02-19', 0, 0),
(37, 37, 'Duda psicología', 'Pregunta sobre teorías del aprendizaje.', '2024-02-20', 0, 0),
(38, 38, 'Recursos audio', 'Aplicaciones para aprender mediante audio.', '2024-02-21', 0, 0),
(39, 39, 'Problema cálculo', 'Ayuda con este límite en cálculo diferencial.', '2024-02-22', 0, 0),
(40, 40, 'Consejos finales', 'Mis últimos consejos antes de los exámenes finales.', '2024-02-23', 0, 0);

INSERT INTO TeacherPage (teacherPageId, name, content, profilePicture) VALUES
(1, 'Profesor Carlos Mendoza', 'Experto en matemáticas avanzadas y cálculo diferencial', NULL),
(2, 'Profesora Ana Silva', 'Especialista en literatura chilena y latinoamericana', NULL),
(3, 'Profesor Roberto Navarro', 'Docente de física con 15 años de experiencia', NULL),
(4, 'Profesora Marta López', 'Especialista en química orgánica e inorgánica', NULL),
(5, 'Profesor Eduardo Torres', 'Docente de historia universal y de Chile', NULL),
(6, 'Profesora Claudia Rojas', 'Experta en biología celular y molecular', NULL),
(7, 'Profesor Fernando Díaz', 'Especialista en programación y algoritmos', NULL),
(8, 'Profesora Patricia Castro', 'Docente de inglés avanzado y negocios', NULL),
(9, 'Profesor Jorge Méndez', 'Experto en estadística y probabilidades', NULL),
(10, 'Profesora Lucía Herrera', 'Especialista en geografía y ciencias de la tierra', NULL),
(11, 'Profesor Andrés Vargas', 'Docente de educación física y salud', NULL),
(12, 'Profesora Sandra Muñoz', 'Experta en filosofía y ética', NULL),
(13, 'Profesor Ricardo Paredes', 'Especialista en economía y finanzas', NULL),
(14, 'Profesora Daniela Soto', 'Docente de arte y expresión visual', NULL),
(15, 'Profesor Manuel Ortega', 'Experto en música y teoría musical', NULL),
(16, 'Profesora Evelyn Contreras', 'Especialista en psicología educacional', NULL),
(17, 'Profesor Sergio Morales', 'Docente de derecho constitucional', NULL),
(18, 'Profesora Valentina Ríos', 'Experta en ingeniería y tecnología', NULL),
(19, 'Profesor Nicolás Jiménez', 'Especialista en marketing digital', NULL),
(20, 'Profesora Gabriela Vega', 'Docente de administración de empresas', NULL),
(21, 'Profesor Hugo Salazar', 'Experto en contabilidad y auditoría', NULL),
(22, 'Profesora Isabel Fernández', 'Especialista en enfermería y salud pública', NULL),
(23, 'Profesor Raúl Miranda', 'Docente de arquitectura y diseño', NULL),
(24, 'Profesora Carolina Ruiz', 'Experta en periodismo y comunicación', NULL),
(25, 'Profesor Esteban Gutiérrez', 'Especialista en agricultura y medio ambiente', NULL),
(26, 'Profesora Paulina Núñez', 'Docente de trabajo social', NULL),
(27, 'Profesor Alejandro Bravo', 'Experto en veterinaria', NULL),
(28, 'Profesora Marcela Sepúlveda', 'Especialista en nutrición y dietética', NULL),
(29, 'Profesor Felipe Cordero', 'Docente de turismo y hotelería', NULL),
(30, 'Profesora Roxana Tapia', 'Experta en pedagogía infantil', NULL),
(31, 'Profesor Omar Carrasco', 'Especialista en mecánica automotriz', NULL),
(32, 'Profesora Lorena Peña', 'Docente de electricidad y electrónica', NULL),
(33, 'Profesor Samuel Reyes', 'Experto en construcción civil', NULL),
(34, 'Profesora Gladys Molina', 'Especialista en gastronomía', NULL),
(35, 'Profesor Víctor Aravena', 'Docente de diseño gráfico', NULL),
(36, 'Profesora Ximena Pizarro', 'Experta en terapia ocupacional', NULL),
(37, 'Profesor Benjamín Fuentes', 'Especialista en kinesiología', NULL),
(38, 'Profesora Yasna Correa', 'Docente de fonoaudiología', NULL),
(39, 'Profesor Cristián Ulloa', 'Experto en odontología', NULL),
(40, 'Profesora Priscila Miranda', 'Especialista en obstetricia', NULL);

INSERT INTO EducationalInstitution (eduId, eduName, address) VALUES
(1, 'Universidad de Chile', 'Av. Libertador Bernardo OHiggins 1058, Santiago'),
(2, 'Pontificia Universidad Católica de Chile', 'Av. Bernardo OHiggins 340, Santiago'),
(3, 'Universidad de Santiago de Chile', 'Av. Libertador Bernardo OHiggins 3363, Estación Central'),
(4, 'Universidad de Concepción', 'Victor Lamas 1290, Concepción'),
(5, 'Universidad Técnica Federico Santa María', 'Av. España 1680, Valparaíso'),
(6, 'Universidad Austral de Chile', 'Independencia 641, Valdivia'),
(7, 'Universidad de La Serena', 'Benavente 980, La Serena'),
(8, 'Universidad del Bío-Bío', 'Avenida Collao 1202, Concepción'),
(9, 'Universidad de Talca', 'Av. Lircay s/n, Talca'),
(10, 'Universidad de Antofagasta', 'Av. Universidad de Antofagasta 02800, Antofagasta'),
(11, 'Universidad de Valparaíso', 'Blanco 951, Valparaíso'),
(12, 'Universidad de Playa Ancha', 'Av. Playa Ancha 850, Valparaíso'),
(13, 'Universidad de Tarapacá', 'General Velásquez 1775, Arica'),
(14, 'Universidad de Los Lagos', 'Fuchslocher 1305, Osorno'),
(15, 'Universidad de Magallanes', 'Av. Bulnes 01855, Punta Arenas'),
(16, 'Universidad Arturo Prat', 'Av. Arturo Prat 2120, Iquique'),
(17, 'Universidad Metropolitana de Ciencias de la Educación', 'José Pedro Alessandri 774, Ñuñoa'),
(18, 'Universidad Tecnológica Metropolitana', 'Dieciocho 161, Santiago'),
(19, 'Universidad Diego Portales', 'Ejército 441, Santiago'),
(20, 'Universidad Adolfo Ibáñez', 'Av. Padre Hurtado 750, Viña del Mar'),
(21, 'Universidad del Desarrollo', 'Av. Plaza 680, San Carlos de Apoquindo'),
(22, 'Universidad Andrés Bello', 'Av. República 252, Santiago'),
(23, 'Universidad San Sebastián', 'Av. Bellavista 7, Santiago'),
(24, 'Universidad Mayor', 'Av. Manuel Montt 367, Providencia'),
(25, 'Universidad Finis Terrae', 'Av. Pedro de Valdivia 1509, Providencia'),
(26, 'Universidad Alberto Hurtado', 'Almirante Barroso 6, Santiago'),
(27, 'Universidad Católica de Temuco', 'Av. Rudecindo Ortega 02950, Temuco'),
(28, 'Universidad Católica del Norte', 'Av. Angamos 0610, Antofagasta'),
(29, 'Universidad Católica del Maule', 'Av. San Miguel 3605, Talca'),
(30, 'Universidad Católica de la Santísima Concepción', 'Alonso de Ribera 2850, Concepción'),
(31, 'Instituto Nacional', 'Arturo Prat 33, Santiago'),
(32, 'Liceo José Victorino Lastarria', 'Portugal 94, Providencia'),
(33, 'Liceo Carmela Carvajal de Prat', 'Av. José Pedro Alessandri 1030, Providencia'),
(34, 'Liceo Augusto D Halmar', 'Av. Tobalaba 1211, Providencia'),
(35, 'Colegio San Ignacio El Bosque', 'Av. Pocuro 2800, Providencia'),
(36, 'Colegio The Grange School', 'Príncipe de Gales 6154, La Reina'),
(37, 'Colegio Nido de Águilas', 'Lo Barnechea, Santiago'),
(38, 'Colegio Alemán de Santiago', 'Las Hualtatas 5675, Vitacura'),
(39, 'Colegio Santiago College', 'Apoquindo 9150, Las Condes'),
(40, 'Colegio Craighouse School', 'Camino El Alba 12345, Las Condes');

INSERT INTO eduTea (eduId, teacherPageId) VALUES
(1, 1), (1, 2), (1, 3), (1, 4), (1, 5),
(2, 6), (2, 7), (2, 8), (2, 9), (2, 10),
(3, 11), (3, 12), (3, 13), (3, 14), (3, 15),
(4, 16), (4, 17), (4, 18), (4, 19), (4, 20),
(5, 21), (5, 22), (5, 23), (5, 24), (5, 25),
(6, 26), (6, 27), (6, 28), (6, 29), (6, 30),
(7, 31), (7, 32), (7, 33), (7, 34), (7, 35),
(8, 36), (8, 37), (8, 38), (8, 39), (8, 40);

INSERT INTO TeacherRating (ratingId, teachingPoliteness, teachingQuality, teachingDifficulty, userid, teacherPageId) VALUES
(1, 4.5, 4.2, 3.8, 1, 1),
(2, 4.8, 4.5, 3.2, 2, 2),
(3, 4.2, 4.0, 4.5, 3, 3),
(4, 4.7, 4.3, 3.5, 4, 4),
(5, 4.0, 3.8, 4.0, 5, 5),
(6, 4.9, 4.7, 3.0, 6, 6),
(7, 4.3, 4.1, 4.2, 7, 7),
(8, 4.6, 4.4, 3.7, 8, 8),
(9, 4.1, 3.9, 4.3, 9, 9),
(10, 4.8, 4.6, 3.1, 10, 10),
(11, 4.4, 4.2, 3.9, 11, 11),
(12, 4.7, 4.5, 3.4, 12, 12),
(13, 4.0, 3.7, 4.4, 13, 13),
(14, 4.9, 4.8, 2.9, 14, 14),
(15, 4.2, 4.0, 4.1, 15, 15),
(16, 4.5, 4.3, 3.6, 16, 16),
(17, 4.8, 4.7, 3.3, 17, 17),
(18, 4.1, 3.8, 4.5, 18, 18),
(19, 4.6, 4.4, 3.8, 19, 19),
(20, 4.3, 4.1, 4.0, 20, 20),
(21, 4.7, 4.5, 3.5, 21, 21),
(22, 4.0, 3.9, 4.2, 22, 22),
(23, 4.9, 4.8, 3.0, 23, 23),
(24, 4.2, 4.1, 4.3, 24, 24),
(25, 4.5, 4.3, 3.7, 25, 25),
(26, 4.8, 4.6, 3.2, 26, 26),
(27, 4.1, 3.8, 4.4, 27, 27),
(28, 4.6, 4.4, 3.9, 28, 28),
(29, 4.3, 4.0, 4.1, 29, 29),
(30, 4.7, 4.5, 3.4, 30, 30),
(31, 4.0, 3.7, 4.5, 31, 31),
(32, 4.9, 4.8, 2.8, 32, 32),
(33, 4.2, 4.1, 4.0, 33, 33),
(34, 4.5, 4.2, 3.8, 34, 34),
(35, 4.8, 4.7, 3.1, 35, 35),
(36, 4.1, 3.9, 4.3, 36, 36),
(37, 4.6, 4.3, 3.6, 37, 37),
(38, 4.3, 4.0, 4.2, 38, 38),
(39, 4.7, 4.5, 3.5, 39, 39),
(40, 4.0, 3.8, 4.4, 40, 40);

INSERT INTO Review (reviewId, date, dislikes, likes, content, teacherPageId, userid) VALUES
(1, '2024-01-10', 2, 15, 'Excelente profesor, explica muy claramente los conceptos complejos', 1, 1),
(2, '2024-01-11', 1, 23, 'Muy buena didáctica y siempre dispuesto a ayudar', 2, 2),
(3, '2024-01-12', 4, 8, 'Buen conocimiento pero a veces va muy rápido', 3, 3),
(4, '2024-01-13', 0, 31, 'Increíble metodología de enseñanza, muy recomendado', 4, 4),
(5, '2024-01-14', 3, 12, 'Exigente pero justo, aprendes mucho con él', 5, 5),
(6, '2024-01-15', 1, 27, 'Las clases son muy dinámicas y entretenidas', 6, 6),
(7, '2024-01-16', 2, 5, 'Se nota que domina el tema pero cuesta entenderle', 7, 7),
(8, '2024-01-17', 3, 45, 'El mejor profesor que he tenido en la universidad', 8, 8),
(9, '2024-01-18', 5, 18, 'Buen material de apoyo pero evaluaciones muy difíciles', 9, 9),
(10, '2024-01-19', 1, 9, 'Explica bien pero a veces se desvía del tema', 10, 10),
(11, '2024-01-20', 0, 22, 'Muy paciente con los estudiantes que tienen dificultades', 11, 11),
(12, '2024-01-21', 4, 6, 'Conocimiento amplio pero mala organización', 12, 12),
(13, '2024-01-22', 2, 33, 'Usa ejemplos prácticos que facilitan el aprendizaje', 13, 13),
(14, '2024-01-23', 1, 11, 'Buen profesor pero muy estricto con los plazos', 14, 14),
(15, '2024-01-24', 3, 29, 'Motiva a los estudiantes a dar lo mejor de sí', 15, 15),
(16, '2024-01-25', 2, 7, 'Explicaciones claras pero poco material de apoyo', 16, 16),
(17, '2024-01-26', 1, 25, 'Excelente para resolver dudas fuera de clase', 17, 17),
(18, '2024-01-27', 4, 38, 'Innovador en sus métodos de enseñanza', 18, 18),
(19, '2024-01-28', 6, 14, 'Mucha teoría poca práctica', 19, 19),
(20, '2024-01-29', 2, 19, 'Buen balance entre teoría y ejercicios', 20, 20),
(21, '2024-01-30', 1, 26, 'Se preocupa por el aprendizaje de todos', 21, 21),
(22, '2024-01-31', 3, 8, 'Domina el tema pero no sabe enseñar', 22, 22),
(23, '2024-02-01', 2, 41, 'Las mejores clases de toda la carrera', 23, 23),
(24, '2024-02-02', 1, 17, 'Buen profesor pero monotono', 24, 24),
(25, '2024-02-03', 4, 10, 'Exigente pero se aprende mucho', 25, 25),
(26, '2024-02-04', 2, 24, 'Muy buenos ejemplos de la vida real', 26, 26),
(27, '2024-02-05', 1, 6, 'No recomiendo, muy desorganizado', 27, 27),
(28, '2024-02-06', 3, 35, 'Excelente material y muy buen profesor', 28, 28),
(29, '2024-02-07', 2, 21, 'Buen conocimiento pero mal temperamento', 29, 29),
(30, '2024-02-08', 1, 13, 'Claras explicaciones y buenos ejercicios', 30, 30),
(31, '2024-02-09', 4, 28, 'Muy estricto pero se aprende', 31, 31),
(32, '2024-02-10', 2, 9, 'Poca paciencia con los estudiantes', 32, 32),
(33, '2024-02-11', 1, 47, 'El profesor que todos deberían tener', 33, 33),
(34, '2024-02-12', 3, 11, 'Bueno en contenido, regular en pedagogía', 34, 34),
(35, '2024-02-13', 2, 32, 'Experiencia invaluable, gran maestro', 35, 35),
(36, '2024-02-14', 1, 20, 'Metodología moderna y efectiva', 36, 36),
(37, '2024-02-15', 4, 15, 'Mucho conocimiento poca didáctica', 37, 37),
(38, '2024-02-16', 2, 29, 'Buen profesor, actualizado en el tema', 38, 38),
(39, '2024-02-17', 1, 7, 'Explicaciones confusas', 39, 39),
(40, '2024-02-18', 3, 44, 'Excelente en todos los aspectos', 40, 40);

INSERT INTO Comment (commentId, likes, content, dislikes, date, userid, postId) VALUES
(1, 5, 'Totalmente de acuerdo con tu publicación', 0, '2024-01-15', 2, 1),
(2, 8, 'Gracias por compartir estos consejos tan útiles', 1, '2024-01-16', 3, 2),
(3, 2, 'Podrías profundizar más en ese punto?', 0, '2024-01-17', 4, 3),
(4, 12, 'Excelente recomendación, ya estoy leyendo el primer libro', 0, '2024-01-18', 5, 4),
(5, 3, 'Comparto tu experiencia, fue muy similar la mía', 1, '2024-01-19', 6, 5),
(6, 7, 'Agregaría también hacer resúmenes a mano', 0, '2024-01-20', 7, 6),
(7, 1, 'Yo también tuve ese problema, la solución es...', 0, '2024-01-21', 8, 7),
(8, 15, 'Gracias por la lista, justo necesitaba recursos', 1, '2024-01-22', 9, 8),
(9, 4, 'Qué tecnologías estás usando para tu proyecto?', 0, '2024-01-23', 10, 9),
(10, 2, 'La tabla periódica se entiende mejor con esta app...', 0, '2024-01-24', 11, 10),
(11, 6, 'La técnica Pomodoro también me ha servido mucho', 0, '2024-01-25', 12, 11),
(12, 1, 'Ese evento ocurrió en 1820 aproximadamente', 0, '2024-01-26', 13, 12),
(13, 9, 'Recomiendo también la app Forest para concentrarse', 0, '2024-01-27', 14, 13),
(14, 3, 'Esa estructura se llama "present perfect"', 0, '2024-01-28', 15, 14),
(15, 8, 'Yo uso una rutina similar y funciona muy bien', 1, '2024-01-29', 16, 15),
(16, 2, 'La fotosíntesis tiene dos fases principales...', 0, '2024-01-30', 17, 16),
(17, 7, 'Practicar frente al espejo también ayuda', 0, '2024-01-31', 18, 17),
(18, 11, 'Agregaría FreeCodeCamp a la lista', 0, '2024-02-01', 19, 18),
(19, 3, 'Interesante reflexión sobre el conocimiento', 2, '2024-02-02', 20, 19),
(20, 5, 'En qué empresa trabajaste?', 0, '2024-02-03', 21, 20),
(21, 6, 'Los mapas mentales también son buenos para la memoria', 0, '2024-02-04', 22, 21),
(22, 1, 'La solución es usar la fórmula de...', 0, '2024-02-05', 23, 22),
(23, 13, 'Agregaría el podcast "Aprende de Grandes"', 0, '2024-02-06', 24, 23),
(24, 4, 'Yo uso la técnica de lectura activa', 0, '2024-02-07', 25, 24),
(25, 2, 'En el norte de Chile hay formaciones únicas', 0, '2024-02-08', 26, 25),
(26, 6, 'El deporte también ayuda a despejar la mente', 0, '2024-02-09', 27, 26),
(27, 1, 'Usa el método de sustitución para resolverlo', 0, '2024-02-10', 28, 27),
(28, 10, 'Khan Academy también es excelente', 0, '2024-02-11', 29, 28),
(29, 5, 'En qué país hiciste el intercambio?', 0, '2024-02-12', 30, 29),
(30, 3, 'Esa obra es fundamental de nuestra literatura', 0, '2024-02-13', 31, 30),
(31, 7, 'Las citas APA son importantes en investigación', 0, '2024-02-14', 32, 31),
(32, 2, 'La oferta y demanda son conceptos clave', 0, '2024-02-15', 33, 32),
(33, 15, 'Coursera también tiene buenos cursos', 1, '2024-02-16', 34, 33),
(34, 3, 'Usa la fórmula de la distancia', 0, '2024-02-17', 35, 34),
(35, 9, 'Qué universidad recomiendas para posgrado?', 0, '2024-02-18', 36, 35),
(36, 5, 'La meditación también mejora la concentración', 0, '2024-02-19', 37, 36),
(37, 4, 'Piaget tiene teorías interesantes sobre eso', 1, '2024-02-20', 38, 37),
(38, 8, 'Audible también es buena para aprender', 0, '2024-02-21', 39, 38),
(39, 2, 'Usa la regla de LHopital', 0, '2024-02-22', 40, 39),
(40, 12, 'El descanso también es importante antes de exámenes', 0, '2024-02-23', 1, 40);

-- Post 1: 15 likes, 2 dislikes
INSERT INTO Votes (voteid, postid, userid, vote_type) VALUES
(1, 1, 2, 'like'), (2, 1, 3, 'like'), (3, 1, 4, 'like'), (4, 1, 5, 'like'),
(5, 1, 6, 'like'), (6, 1, 7, 'like'), (7, 1, 8, 'like'), (8, 1, 9, 'like'),
(9, 1, 10, 'like'), (10, 1, 11, 'like'), (11, 1, 12, 'like'), (12, 1, 13, 'like'),
(13, 1, 14, 'like'), (14, 1, 15, 'like'), (15, 1, 16, 'like'), 
(16, 1, 17, 'dislike'), (17, 1, 18, 'dislike');

-- Post 2: 23 likes, 1 dislike
INSERT INTO Votes (voteid, postid, userid, vote_type) VALUES
(18, 2, 1, 'like'), (19, 2, 3, 'like'), (20, 2, 4, 'like'), (21, 2, 5, 'like'),
(22, 2, 6, 'like'), (23, 2, 7, 'like'), (24, 2, 8, 'like'), (25, 2, 9, 'like'),
(26, 2, 10, 'like'), (27, 2, 11, 'like'), (28, 2, 12, 'like'), (29, 2, 13, 'like'),
(30, 2, 14, 'like'), (31, 2, 15, 'like'), (32, 2, 16, 'like'), (33, 2, 17, 'like'),
(34, 2, 18, 'like'), (35, 2, 19, 'like'), (36, 2, 20, 'like'), (37, 2, 21, 'like'),
(38, 2, 22, 'like'), (39, 2, 23, 'like'), (40, 2, 24, 'like'),
(41, 2, 25, 'dislike');

-- Post 3: 8 likes, 3 dislikes
INSERT INTO Votes (voteid, postid, userid, vote_type) VALUES
(42, 3, 1, 'like'), (43, 3, 2, 'like'), (44, 3, 4, 'like'), (45, 3, 5, 'like'),
(46, 3, 6, 'like'), (47, 3, 7, 'like'), (48, 3, 8, 'like'), (49, 3, 9, 'like'),
(50, 3, 10, 'dislike'), (51, 3, 11, 'dislike'), (52, 3, 12, 'dislike');

-- Post 4: 31 likes, 0 dislikes
INSERT INTO Votes (voteid, postid, userid, vote_type) VALUES
(53, 4, 1, 'like'), (54, 4, 2, 'like'), (55, 4, 3, 'like'), (56, 4, 5, 'like'),
(57, 4, 6, 'like'), (58, 4, 7, 'like'), (59, 4, 8, 'like'), (60, 4, 9, 'like'),
(61, 4, 10, 'like'), (62, 4, 11, 'like'), (63, 4, 12, 'like'), (64, 4, 13, 'like'),
(65, 4, 14, 'like'), (66, 4, 15, 'like'), (67, 4, 16, 'like'), (68, 4, 17, 'like'),
(69, 4, 18, 'like'), (70, 4, 19, 'like'), (71, 4, 20, 'like'), (72, 4, 21, 'like'),
(73, 4, 22, 'like'), (74, 4, 23, 'like'), (75, 4, 24, 'like'), (76, 4, 25, 'like'),
(77, 4, 26, 'like'), (78, 4, 27, 'like'), (79, 4, 28, 'like'), (80, 4, 29, 'like'),
(81, 4, 30, 'like'), (82, 4, 31, 'like'), (83, 4, 32, 'like');

-- Post 5: 12 likes, 4 dislikes
INSERT INTO Votes (voteid, postid, userid, vote_type) VALUES
(84, 5, 1, 'like'), (85, 5, 2, 'like'), (86, 5, 3, 'like'), (87, 5, 4, 'like'),
(88, 5, 6, 'like'), (89, 5, 7, 'like'), (90, 5, 8, 'like'), (91, 5, 9, 'like'),
(92, 5, 10, 'like'), (93, 5, 11, 'like'), (94, 5, 12, 'like'), (95, 5, 13, 'like'),
(96, 5, 14, 'dislike'), (97, 5, 15, 'dislike'), (98, 5, 16, 'dislike'), (99, 5, 17, 'dislike');

-- Post 6: 27 likes, 2 dislikes
INSERT INTO Votes (voteid, postid, userid, vote_type) VALUES
(100, 6, 1, 'like'), (101, 6, 2, 'like'), (102, 6, 3, 'like'), (103, 6, 4, 'like'),
(104, 6, 5, 'like'), (105, 6, 7, 'like'), (106, 6, 8, 'like'), (107, 6, 9, 'like'),
(108, 6, 10, 'like'), (109, 6, 11, 'like'), (110, 6, 12, 'like'), (111, 6, 13, 'like'),
(112, 6, 14, 'like'), (113, 6, 15, 'like'), (114, 6, 16, 'like'), (115, 6, 17, 'like'),
(116, 6, 18, 'like'), (117, 6, 19, 'like'), (118, 6, 20, 'like'), (119, 6, 21, 'like'),
(120, 6, 22, 'like'), (121, 6, 23, 'like'), (122, 6, 24, 'like'), (123, 6, 25, 'like'),
(124, 6, 26, 'like'), (125, 6, 27, 'like'), (126, 6, 28, 'like'),
(127, 6, 29, 'dislike'), (128, 6, 30, 'dislike');

-- Post 7: 5 likes, 1 dislike
INSERT INTO Votes (voteid, postid, userid, vote_type) VALUES
(129, 7, 1, 'like'), (130, 7, 2, 'like'), (131, 7, 3, 'like'), (132, 7, 4, 'like'),
(133, 7, 5, 'like'), (134, 7, 6, 'dislike');

-- Post 9: 18 likes, 5 dislikes
INSERT INTO Votes (voteid, postid, userid, vote_type) VALUES
(177, 9, 1, 'like'), (178, 9, 2, 'like'), (179, 9, 3, 'like'), (180, 9, 4, 'like'),
(181, 9, 5, 'like'), (182, 9, 6, 'like'), (183, 9, 7, 'like'), (184, 9, 8, 'like'),
(185, 9, 10, 'like'), (186, 9, 11, 'like'), (187, 9, 12, 'like'), (188, 9, 13, 'like'),
(189, 9, 14, 'like'), (190, 9, 15, 'like'), (191, 9, 16, 'like'), (192, 9, 17, 'like'),
(193, 9, 18, 'like'), (194, 9, 19, 'like'),
(195, 9, 20, 'dislike'), (196, 9, 21, 'dislike'), (197, 9, 22, 'dislike'), (198, 9, 23, 'dislike'), (199, 9, 24, 'dislike');

-- Post 10: 9 likes, 2 dislikes
INSERT INTO Votes (voteid, postid, userid, vote_type) VALUES
(200, 10, 1, 'like'), (201, 10, 2, 'like'), (202, 10, 3, 'like'), (203, 10, 4, 'like'),
(204, 10, 5, 'like'), (205, 10, 6, 'like'), (206, 10, 7, 'like'), (207, 10, 8, 'like'),
(208, 10, 9, 'like'),
(209, 10, 10, 'dislike'), (210, 10, 11, 'dislike');

-- Post 11: 22 likes, 1 dislike
INSERT INTO Votes (voteid, postid, userid, vote_type) VALUES
(211, 11, 2, 'like'), (212, 11, 3, 'like'), (213, 11, 4, 'like'), (214, 11, 5, 'like'),
(215, 11, 6, 'like'), (216, 11, 7, 'like'), (217, 11, 8, 'like'), (218, 11, 9, 'like'),
(219, 11, 10, 'like'), (220, 11, 12, 'like'), (221, 11, 13, 'like'), (222, 11, 14, 'like'),
(223, 11, 15, 'like'), (224, 11, 16, 'like'), (225, 11, 17, 'like'), (226, 11, 18, 'like'),
(227, 11, 19, 'like'), (228, 11, 20, 'like'), (229, 11, 21, 'like'), (230, 11, 22, 'like'),
(231, 11, 23, 'like'), (232, 11, 24, 'like'),
(233, 11, 25, 'dislike');

-- Post 12: 6 likes, 4 dislikes
INSERT INTO Votes (voteid, postid, userid, vote_type) VALUES
(234, 12, 1, 'like'), (235, 12, 3, 'like'), (236, 12, 4, 'like'), (237, 12, 5, 'like'),
(238, 12, 6, 'like'), (239, 12, 7, 'like'),
(240, 12, 8, 'dislike'), (241, 12, 9, 'dislike'), (242, 12, 10, 'dislike'), (243, 12, 11, 'dislike');

-- Post 13: 33 likes, 2 dislikes
INSERT INTO Votes (voteid, postid, userid, vote_type) VALUES
(244, 13, 1, 'like'), (245, 13, 2, 'like'), (246, 13, 3, 'like'), (247, 13, 4, 'like'),
(248, 13, 5, 'like'), (249, 13, 6, 'like'), (250, 13, 7, 'like'), (251, 13, 8, 'like'),
(252, 13, 9, 'like'), (253, 13, 10, 'like'), (254, 13, 11, 'like'), (255, 13, 12, 'like'),
(256, 13, 14, 'like'), (257, 13, 15, 'like'), (258, 13, 16, 'like'), (259, 13, 17, 'like'),
(260, 13, 18, 'like'), (261, 13, 19, 'like'), (262, 13, 20, 'like'), (263, 13, 21, 'like'),
(264, 13, 22, 'like'), (265, 13, 23, 'like'), (266, 13, 24, 'like'), (267, 13, 25, 'like'),
(268, 13, 26, 'like'), (269, 13, 27, 'like'), (270, 13, 28, 'like'), (271, 13, 29, 'like'),
(272, 13, 30, 'like'), (273, 13, 31, 'like'), (274, 13, 32, 'like'), (275, 13, 33, 'like'),
(276, 13, 13, 'dislike'), (277, 13, 34, 'dislike');

-- Post 14: 11 likes, 1 dislike
INSERT INTO Votes (voteid, postid, userid, vote_type) VALUES
(278, 14, 1, 'like'), (279, 14, 2, 'like'), (280, 14, 3, 'like'), (281, 14, 4, 'like'),
(282, 14, 5, 'like'), (283, 14, 6, 'like'), (284, 14, 7, 'like'), (285, 14, 8, 'like'),
(286, 14, 9, 'like'), (287, 14, 10, 'like'), (288, 14, 11, 'like'),
(289, 14, 12, 'dislike');

-- Post 15: 29 likes, 3 dislikes
INSERT INTO Votes (voteid, postid, userid, vote_type) VALUES
(290, 15, 1, 'like'), (291, 15, 2, 'like'), (292, 15, 3, 'like'), (293, 15, 4, 'like'),
(294, 15, 5, 'like'), (295, 15, 6, 'like'), (296, 15, 7, 'like'), (297, 15, 8, 'like'),
(298, 15, 9, 'like'), (299, 15, 10, 'like'), (300, 15, 11, 'like'), (301, 15, 12, 'like'),
(302, 15, 13, 'like'), (303, 15, 14, 'like'), (304, 15, 15, 'like'), (305, 15, 16, 'like'),
(306, 15, 17, 'like'), (307, 15, 18, 'like'), (308, 15, 19, 'like'), (309, 15, 20, 'like'),
(310, 15, 21, 'like'), (311, 15, 22, 'like'), (312, 15, 23, 'like'), (313, 15, 24, 'like'),
(314, 15, 25, 'like'), (315, 15, 26, 'like'), (316, 15, 27, 'like'), (317, 15, 28, 'like'),
(318, 15, 29, 'like'),
(319, 15, 30, 'dislike'), (320, 15, 31, 'dislike'), (321, 15, 32, 'dislike');

-- Post 16: 7 likes, 2 dislikes
INSERT INTO Votes (voteid, postid, userid, vote_type) VALUES
(322, 16, 1, 'like'), (323, 16, 2, 'like'), (324, 16, 3, 'like'), (325, 16, 4, 'like'),
(326, 16, 5, 'like'), (327, 16, 6, 'like'), (328, 16, 7, 'like'),
(329, 16, 8, 'dislike'), (330, 16, 9, 'dislike');

-- Post 17: 25 likes, 1 dislike
INSERT INTO Votes (voteid, postid, userid, vote_type) VALUES
(331, 17, 1, 'like'), (332, 17, 2, 'like'), (333, 17, 3, 'like'), (334, 17, 4, 'like'),
(335, 17, 5, 'like'), (336, 17, 6, 'like'), (337, 17, 7, 'like'), (338, 17, 8, 'like'),
(339, 17, 9, 'like'), (340, 17, 10, 'like'), (341, 17, 11, 'like'), (342, 17, 12, 'like'),
(343, 17, 13, 'like'), (344, 17, 14, 'like'), (345, 17, 15, 'like'), (346, 17, 16, 'like'),
(347, 17, 17, 'like'), (348, 17, 18, 'like'), (349, 17, 19, 'like'), (350, 17, 20, 'like'),
(351, 17, 21, 'like'), (352, 17, 22, 'like'), (353, 17, 23, 'like'), (354, 17, 24, 'like'),
(355, 17, 25, 'like'),
(356, 17, 26, 'dislike');

INSERT INTO CommentVotes (voteid, commentid, userid, vote_type) VALUES
(1, 1, 3, 'like'), (2, 1, 4, 'like'), (3, 1, 5, 'like'), (4, 1, 6, 'like'),
(5, 2, 1, 'like'), (6, 2, 4, 'like'), (7, 2, 5, 'dislike'), (8, 2, 7, 'like'),
(9, 3, 2, 'like'), (10, 3, 5, 'like'), (11, 3, 6, 'like'), (12, 3, 8, 'like'),
(13, 4, 1, 'like'), (14, 4, 3, 'like'), (15, 4, 6, 'like'), (16, 4, 7, 'like'),
(17, 5, 2, 'like'), (18, 5, 4, 'dislike'), (19, 5, 7, 'like'), (20, 5, 8, 'like'),
(21, 6, 1, 'like'), (22, 6, 3, 'like'), (23, 6, 5, 'like'), (24, 6, 9, 'like'),
(25, 7, 2, 'like'), (26, 7, 4, 'like'), (27, 7, 6, 'like'), (28, 7, 8, 'like'),
(29, 8, 1, 'like'), (30, 8, 3, 'like'), (31, 8, 5, 'dislike'), (32, 8, 7, 'like'),
(33, 9, 2, 'like'), (34, 9, 4, 'like'), (35, 9, 6, 'like'), (36, 9, 9, 'like'),
(37, 10, 1, 'like'), (38, 10, 3, 'like'), (39, 10, 5, 'like'), (40, 10, 7, 'like');

INSERT INTO ReviewVotes (voteid, reviewid, userid, vote_type) VALUES
(1, 1, 3, 'like'), (2, 1, 4, 'like'), (3, 1, 5, 'like'), (4, 1, 6, 'dislike'),
(5, 2, 1, 'like'), (6, 2, 4, 'like'), (7, 2, 5, 'like'), (8, 2, 7, 'like'),
(9, 3, 2, 'like'), (10, 3, 5, 'dislike'), (11, 3, 6, 'dislike'), (12, 3, 8, 'like'),
(13, 4, 1, 'like'), (14, 4, 3, 'like'), (15, 4, 6, 'like'), (16, 4, 7, 'like'),
(17, 5, 2, 'like'), (18, 5, 4, 'dislike'), (19, 5, 7, 'like'), (20, 5, 8, 'dislike'),
(21, 6, 1, 'like'), (22, 6, 3, 'like'), (23, 6, 5, 'like'), (24, 6, 9, 'like'),
(25, 7, 2, 'like'), (26, 7, 4, 'dislike'), (27, 7, 6, 'like'), (28, 7, 8, 'like'),
(29, 8, 1, 'like'), (30, 8, 3, 'like'), (31, 8, 5, 'like'), (32, 8, 7, 'dislike'),
(33, 9, 2, 'like'), (34, 9, 4, 'like'), (35, 9, 6, 'dislike'), (36, 9, 8, 'like'),
(37, 10, 1, 'like'), (38, 10, 3, 'dislike'), (39, 10, 5, 'like'), (40, 10, 7, 'like');

SELECT setval(pg_get_serial_sequence('votes', 'voteid'), COALESCE(MAX(voteid), 1), true) FROM votes;
SELECT setval(pg_get_serial_sequence('users', 'userid'), COALESCE(MAX(userid), 1), true) FROM users;
SELECT setval(pg_get_serial_sequence('post', 'postid'), COALESCE(MAX(postid), 1), true) FROM post;
SELECT setval(pg_get_serial_sequence('commentvotes', 'voteid'), COALESCE(MAX(voteid), 1), true) FROM commentvotes;
SELECT setval(pg_get_serial_sequence('reviewvotes', 'voteid'), COALESCE(MAX(voteid), 1), true) FROM reviewvotes;
SELECT setval(pg_get_serial_sequence('comment', 'commentid'), COALESCE(MAX(commentid), 1), true) FROM comment;
SELECT setval(pg_get_serial_sequence('teacherpage', 'teacherpageid'), COALESCE(MAX(teacherpageid), 1), true) FROM teacherpage;
SELECT setval(pg_get_serial_sequence('teacherrating', 'ratingid'), COALESCE(MAX(ratingid), 1), true) FROM teacherrating;
SELECT setval(pg_get_serial_sequence('review', 'reviewid'), COALESCE(MAX(reviewid), 1), true) FROM review;