INSERT INTO Users (password, username, role, correo, rut, region, district, isMember) VALUES
('password1', 'juan_perez', 1, 'juan.perez@email.com', '12345678-9', 'Metropolitana', 'Santiago', TRUE),
('password2', 'maria_gonzalez', 2, 'maria.gonzalez@email.com', '23456789-0', 'Valparaíso', 'Viña del Mar', FALSE),
('password3', 'carlos_lopez', 1, 'carlos.lopez@email.com', '34567890-1', 'Metropolitana', 'Providencia', TRUE),
('password4', 'ana_martinez', 3, 'ana.martinez@email.com', '45678901-2', 'Biobío', 'Concepción', FALSE),
('password5', 'pedro_rodriguez', 2, 'pedro.rodriguez@email.com', '56789012-3', 'Maule', 'Talca', TRUE),
('password6', 'laura_silva', 1, 'laura.silva@email.com', '67890123-4', 'Araucanía', 'Temuco', FALSE),
('password7', 'miguel_torres', 3, 'miguel.torres@email.com', '78901234-5', 'Metropolitana', 'Las Condes', TRUE),
('password8', 'isabel_ruiz', 2, 'isabel.ruiz@email.com', '89012345-6', 'Valparaíso', 'Valparaíso', FALSE),
('password9', 'francisco_diaz', 1, 'francisco.diaz@email.com', '90123456-7', 'Metropolitana', 'Ñuñoa', TRUE),
('password10', 'carmen_vargas', 3, 'carmen.vargas@email.com', '01234567-8', 'Biobío', 'Chillán', FALSE),
('password11', 'roberto_mendoza', 2, 'roberto.mendoza@email.com', '11223344-5', 'Maule', 'Curicó', TRUE),
('password12', 'patricia_castro', 1, 'patricia.castro@email.com', '22334455-6', 'Araucanía', 'Villarrica', FALSE),
('password13', 'jorge_herrera', 3, 'jorge.herrera@email.com', '33445566-7', 'Metropolitana', 'La Reina', TRUE),
('password14', 'daniela_nunez', 2, 'daniela.nunez@email.com', '44556677-8', 'Valparaíso', 'Quilpué', FALSE),
('password15', 'fernando_ortiz', 1, 'fernando.ortiz@email.com', '55667788-9', 'Metropolitana', 'Macul', TRUE),
('password16', 'gabriela_rios', 3, 'gabriela.rios@email.com', '66778899-0', 'Biobío', 'Los Ángeles', FALSE),
('password17', 'ricardo_mora', 2, 'ricardo.mora@email.com', '77889900-1', 'Maule', 'Linares', TRUE),
('password18', 'monica_paredes', 1, 'monica.paredes@email.com', '88990011-2', 'Araucanía', 'Pucón', FALSE),
('password19', 'hugo_salazar', 3, 'hugo.salazar@email.com', '99001122-3', 'Metropolitana', 'Peñalolén', TRUE),
('password20', 'elena_cordero', 2, 'elena.cordero@email.com', '10111213-4', 'Valparaíso', 'Villa Alemana', FALSE),
('password21', 'arturo_figueroa', 1, 'arturo.figueroa@email.com', '11121314-5', 'Metropolitana', 'La Florida', TRUE),
('password22', 'veronica_leiva', 3, 'veronica.leiva@email.com', '12131415-6', 'Biobío', 'Coronel', FALSE),
('password23', 'sebastian_miranda', 2, 'sebastian.miranda@email.com', '13141516-7', 'Maule', 'San Javier', TRUE),
('password24', 'natalia_vega', 1, 'natalia.vega@email.com', '14151617-8', 'Araucanía', 'Angol', FALSE),
('password25', 'mauricio_guzman', 3, 'mauricio.guzman@email.com', '15161718-9', 'Metropolitana', 'Puente Alto', TRUE),
('password26', 'claudia_soto', 2, 'claudia.soto@email.com', '16171819-0', 'Valparaíso', 'Limache', FALSE),
('password27', 'rodrigo_campos', 1, 'rodrigo.campos@email.com', '17181920-1', 'Metropolitana', 'Maipú', TRUE),
('password28', 'paula_munoz', 3, 'paula.munoz@email.com', '18192021-2', 'Biobío', 'Tomé', FALSE),
('password29', 'felipe_contreras', 2, 'felipe.contreras@email.com', '19202122-3', 'Maule', 'Cauquenes', TRUE),
('password30', 'andrea_zuniga', 1, 'andrea.zuniga@email.com', '20212223-4', 'Araucanía', 'Lautaro', FALSE),
('password31', 'gustavo_tapia', 3, 'gustavo.tapia@email.com', '21222324-5', 'Metropolitana', 'San Bernardo', TRUE),
('password32', 'constanza_arias', 2, 'constanza.arias@email.com', '22232425-6', 'Valparaíso', 'Quillota', FALSE),
('password33', 'ernesto_pino', 1, 'ernesto.pino@email.com', '23242526-7', 'Metropolitana', 'Pudahuel', TRUE),
('password34', 'gloria_sepulveda', 3, 'gloria.sepulveda@email.com', '24252627-8', 'Biobío', 'Hualpén', FALSE),
('password35', 'hector_maldonado', 2, 'hector.maldonado@email.com', '25262728-9', 'Maule', 'Parral', TRUE),
('password36', 'sandra_bravo', 1, 'sandra.bravo@email.com', '26272829-0', 'Araucanía', 'Carahue', FALSE),
('password37', 'raul_fuentes', 3, 'raul.fuentes@email.com', '27282930-1', 'Metropolitana', 'Cerro Navia', TRUE),
('password38', 'lorena_carrasco', 2, 'lorena.carrasco@email.com', '28293031-2', 'Valparaíso', 'Casablanca', FALSE),
('password39', 'oscar_vidal', 1, 'oscar.vidal@email.com', '29303132-3', 'Metropolitana', 'La Granja', TRUE),
('password40', 'katherine_pizarro', 3, 'katherine.pizarro@email.com', '30313233-4', 'Biobío', 'San Pedro', FALSE);

INSERT INTO Post (userid, title, content, date, likes, dislikes) VALUES
(1, 'Mi primera publicación', 'Hola a todos, esta es mi primera publicación en la plataforma.', '2024-01-15', 0, 0),
(2, 'Consejos para estudiar', 'Comparto algunos consejos que me han funcionado para estudiar mejor.', '2024-01-16', 0, 0),
(3, 'Problema con matemáticas', '¿Alguien puede ayudarme con este ejercicio de cálculo?', '2024-01-17', 0, 0),
(4, 'Recomendación de libros', 'Les recomiendo estos libros para aprender programación.', '2024-01-18', 0, 0),
(5, 'Experiencia en la universidad', 'Comparto mi experiencia como estudiante de primer año.', '2024-01-19', 0, 0),
(6, 'Técnicas de estudio', '¿Qué técnicas de estudio utilizan ustedes?', '2024-01-20', 0, 0),
(7, 'Preparación para exámenes', 'Cómo me preparo para los exámenes finales.', '2024-01-21', 0, 0),
(8, 'Recursos gratuitos', 'Encontré estos recursos gratuitos para aprender idiomas.', '2024-01-22', 0, 0),
(9, 'Duda sobre física', 'No entiendo este concepto de termodinámica, ayuda por favor.', '2024-01-23', 0, 0),
(10, 'Mi proyecto de ciencias', 'Aquí está mi proyecto de ciencias sobre energías renovables.', '2024-01-24', 0, 0),
(11, 'Consejos para presentaciones', 'Cómo superar el miedo a hablar en público.', '2024-01-25', 0, 0),
(12, 'Aplicaciones útiles', 'Estas aplicaciones me han ayudado mucho en mis estudios.', '2024-01-26', 0, 0),
(13, 'Problema con química orgánica', '¿Alguien que me explique las reacciones de sustitución?', '2024-01-27', 0, 0),
(14, 'Mi rutina de estudio', 'Así organizo mi tiempo para estudiar eficientemente.', '2024-01-28', 0, 0),
(15, 'Recomendación de cursos online', 'Estos cursos online son excelentes para complementar estudios.', '2024-01-29', 0, 0),
(16, 'Duda sobre historia', '¿Cuál fue el impacto real de la guerra del pacífico?', '2024-01-30', 0, 0),
(17, 'Consejos para tomar apuntes', 'Métodos efectivos para tomar buenos apuntes en clase.', '2024-01-31', 0, 0),
(18, 'Mi experiencia con tutorías', 'Cómo las tutorías mejoraron mi rendimiento académico.', '2024-02-01', 0, 0),
(19, 'Recursos para programadores', 'Los mejores recursos gratuitos para aprender a programar.', '2024-02-02', 0, 0),
(20, 'Problema con estadística', 'No entiendo los intervalos de confianza, ayuda.', '2024-02-03', 0, 0),
(21, 'Técnicas de memorización', 'Técnicas que uso para memorizar información importante.', '2024-02-04', 0, 0),
(22, 'Mi método para aprender idiomas', 'Cómo aprendí inglés en 6 meses por mi cuenta.', '2024-02-05', 0, 0),
(23, 'Duda sobre biología celular', '¿Alguien puede explicarme la mitosis y meiosis?', '2024-02-06', 0, 0),
(24, 'Consejos para exámenes orales', 'Cómo prepararse para exámenes orales y presentaciones.', '2024-02-07', 0, 0),
(25, 'Recursos de matemáticas', 'Páginas web con ejercicios de matemáticas resueltos.', '2024-02-08', 0, 0),
(26, 'Mi experiencia con educación online', 'Ventajas y desventajas de estudiar completamente online.', '2024-02-09', 0, 0),
(27, 'Cómo organizar el tiempo', 'Métodos para organizar el tiempo entre estudio y trabajo.', '2024-02-10', 0, 0),
(28, 'Duda sobre literatura', 'Análisis de Cien años de soledad, necesito ayuda.', '2024-02-11', 0, 0),
(29, 'Consejos para leer más rápido', 'Técnicas que me ayudaron a mejorar mi velocidad de lectura.', '2024-02-12', 0, 0),
(30, 'Recursos para diseño gráfico', 'Herramientas gratuitas para aprender diseño gráfico.', '2024-02-13', 0, 0),
(31, 'Problema con álgebra lineal', 'No entiendo los espacios vectoriales, por favor ayuda.', '2024-02-14', 0, 0),
(32, 'Mi método de estudio', 'El método pomodoro cambió mi forma de estudiar.', '2024-02-15', 0, 0),
(33, 'Consejos para trabajos grupales', 'Cómo trabajar eficientemente en equipos de estudio.', '2024-02-16', 0, 0),
(34, 'Recursos para economía', 'Libros y páginas para entender conceptos económicos.', '2024-02-17', 0, 0),
(35, 'Duda sobre filosofía', '¿Alguien que me explique el concepto de dialéctica?', '2024-02-18', 0, 0),
(36, 'Cómo mantener la motivación', 'Estrategias para mantenerse motivado durante el semestre.', '2024-02-19', 0, 0),
(37, 'Recursos de anatomía', 'Las mejores aplicaciones para estudiar anatomía humana.', '2024-02-20', 0, 0),
(38, 'Problema con cálculo integral', 'Ejercicios de integración por partes que no entiendo.', '2024-02-21', 0, 0),
(39, 'Consejos para exámenes tipo test', 'Cómo prepararse para exámenes de selección múltiple.', '2024-02-22', 0, 0),
(40, 'Mi experiencia como estudiante internacional', 'Estudiando en el extranjero: desafíos y aprendizajes.', '2024-02-23', 0, 0);

INSERT INTO TeacherPage (name, content) VALUES
('El Profe Bacan', 'Especialista en matemáticas y física con 15 años de experiencia.'),
('Profesora Martínez', 'Docente de lenguaje y comunicación, enfocada en comprensión lectora.'),
('Profesor Silva', 'Experto en química y biología, metodología práctica y entretenida.'),
('Profesora Rodríguez', 'Especialista en historia y geografía, clases dinámicas y participativas.'),
('Profesor López', 'Docente de inglés avanzado y preparación para certificaciones internacionales.'),
('Profesora Pérez', 'Especialista en educación diferencial y necesidades educativas especiales.'),
('Profesor Torres', 'Experto en cálculo y álgebra lineal para educación superior.'),
('Profesora Díaz', 'Docente de ciencias sociales con enfoque en análisis crítico.'),
('Profesor Vargas', 'Especialista en programación y tecnologías de la información.'),
('Profesora Núñez', 'Docente de música y artes, metodología creativa e innovadora.'),
('Profesor Herrera', 'Experto en física universitaria y preparación para la PSU.'),
('Profesora Castro', 'Especialista en literatura hispanoamericana y análisis literario.'),
('Profesor Ortiz', 'Docente de educación física y vida saludable.'),
('Profesora Ríos', 'Experta en biología celular y molecular.'),
('Profesor Mora', 'Especialista en estadística y probabilidades.'),
('Profesora Paredes', 'Docente de filosofía y ética profesional.'),
('Profesor Salazar', 'Experto en ingeniería y matemáticas aplicadas.'),
('Profesora Cordero', 'Especialista en pedagogía y metodologías de enseñanza.'),
('Profesor Figueroa', 'Docente de química orgánica e inorgánica.'),
('Profesora Leiva', 'Experta en anatomía y fisiología humana.'),
('Profesor Miranda', 'Especialista en cálculo diferencial e integral.'),
('Profesora Vega', 'Docente de historia del arte y apreciación artística.'),
('Profesor Guzmán', 'Experto en economía y finanzas personales.'),
('Profesora Soto', 'Especialista en gramática y redacción académica.'),
('Profesor Campos', 'Docente de ciencias políticas y relaciones internacionales.'),
('Profesora Muñoz', 'Experta en psicología educacional y desarrollo infantil.'),
('Profesor Contreras', 'Especialista en álgebra y geometría analítica.'),
('Profesora Zúñiga', 'Docente de ecología y ciencias ambientales.'),
('Profesor Tapia', 'Experto en termodinámica y electromagnetismo.'),
('Profesora Arias', 'Especialista en lingüística y comunicación efectiva.'),
('Profesor Pino', 'Docente de derecho constitucional y civil.'),
('Profesora Sepúlveda', 'Experta en microbiología y genética.'),
('Profesor Maldonado', 'Especialista en trigonometría y precálculo.'),
('Profesora Bravo', 'Docente de sociología y antropología cultural.'),
('Profesor Fuentes', 'Experto en circuitos eléctricos y electrónica.'),
('Profesora Carrasco', 'Especialista en literatura universal comparada.'),
('Profesor Vidal', 'Docente de contabilidad y auditoría.'),
('Profesora Pizarro', 'Experta en bioquímica y química analítica.'),
('Profesor Navarro', 'Especialista en ecuaciones diferenciales.'),
('Profesora Reyes', 'Docente de pedagogía teatral y expresión corporal.');

INSERT INTO EducationalInstitution (eduName, address) VALUES
('Universidad de Chile', 'Av. Libertador Bernardo O Higgins 1058, Santiago'),
('Pontificia Universidad Católica de Chile', 'Av. Bernardo O Higgins 340, Santiago'),
('Universidad de Santiago de Chile', 'Av. Libertador Bernardo O Higgins 3363, Santiago'),
('Universidad de Concepción', 'Victor Lamas 1290, Concepción'),
('Universidad Técnica Federico Santa María', 'Av. España 1680, Valparaíso'),
('Universidad de Valparaíso', 'Blanco 951, Valparaíso'),
('Universidad Austral de Chile', 'Independencia 641, Valdivia'),
('Universidad de La Serena', 'Raúl Bitrán 1305, La Serena'),
('Universidad del Bío-Bío', 'Avenida Collao 1202, Concepción'),
('Universidad de Talca', 'Avenida Lircay S/N, Talca'),
('Universidad de Antofagasta', 'Av. Universidad de Antofagasta 02800, Antofagasta'),
('Universidad de Atacama', 'Copayapu 485, Copiapó'),
('Universidad de Tarapacá', 'General Velásquez 1775, Arica'),
('Universidad de Magallanes', 'Av. Bulnes 01855, Punta Arenas'),
('Universidad de La Frontera', 'Francisco Salazar 01145, Temuco'),
('Universidad de Los Lagos', 'Fuchslocher 1305, Osorno'),
('Universidad Arturo Prat', 'Av. Arturo Prat 2120, Iquique'),
('Universidad Metropolitana de Ciencias de la Educación', 'José Pedro Alessandri 774, Santiago'),
('Universidad Tecnológica Metropolitana', 'Diego Portales 1656, Santiago'),
('Universidad Alberto Hurtado', 'Almirante Barroso 6, Santiago'),
('Universidad Adolfo Ibáñez', 'Av. Padre Hurtado 750, Viña del Mar'),
('Universidad de los Andes', 'Monseñor Álvaro del Portillo 12455, Santiago'),
('Universidad del Desarrollo', 'Av. Plaza 680, Santiago'),
('Universidad San Sebastián', 'Bellavista 7, Santiago'),
('Universidad Andrés Bello', 'Av. República 252, Santiago'),
('Universidad Central de Chile', 'Santa Isabel 1278, Santiago'),
('Universidad Diego Portales', 'Av. Ejército 333, Santiago'),
('Universidad Finis Terrae', 'Av. Pedro de Valdivia 1509, Santiago'),
('Universidad Mayor', 'Camino La Pirámide 5750, Santiago'),
('Universidad del Pacífico', 'Av. Las Condes 11121, Santiago'),
('Instituto Nacional General José Miguel Carrera', 'Arturo Prat 33, Santiago'),
('Liceo José Victorino Lastarria', 'Portugal 94, Santiago'),
('Liceo Augusto D Halmar', 'Av. Tobalaba 1571, Santiago'),
('Colegio San Ignacio El Bosque', 'Av. Pocuro 2800, Santiago'),
('Colegio Los Andes', 'Av. Las Condes 12461, Santiago'),
('Colegio Alemán de Santiago', 'Av. Las Condes 7351, Santiago'),
('The Grange School', 'Av. Príncipe de Gales 6154, Santiago'),
('Colegio Nuestra Señora del Rosario', 'Av. Tobalaba 1271, Santiago'),
('Liceo Carmela Carvajal de Prat', 'Av. José Pedro Alessandri 541, Santiago'),
('Colegio San Pedro Nolasco', 'Miraflores 920, Santiago');

INSERT INTO eduTea (eduId, teacherPageId) VALUES
(1, 1), (1, 2), (1, 3), (2, 4), (2, 5),
(3, 6), (3, 7), (4, 8), (4, 9), (5, 10),
(6, 11), (6, 12), (7, 13), (7, 14), (8, 15),
(9, 16), (9, 17), (10, 18), (10, 19), (11, 20),
(12, 21), (12, 22), (13, 23), (13, 24), (14, 25),
(15, 26), (15, 27), (16, 28), (16, 29), (17, 30),
(18, 31), (18, 32), (19, 33), (19, 34), (20, 35),
(21, 36), (22, 37), (23, 38), (24, 39), (25, 40);

INSERT INTO TeacherRating (teachingPoliteness, teachingQuality, teachingDifficulty, userid, teacherPageId) VALUES
(4.5, 4.2, 3.8, 1, 1),
(4.8, 4.5, 3.2, 2, 2),
(4.2, 4.0, 4.5, 3, 3),
(4.7, 4.8, 3.5, 4, 4),
(4.9, 4.6, 3.0, 5, 5),
(4.3, 4.1, 4.2, 6, 6),
(4.6, 4.4, 3.7, 7, 7),
(4.8, 4.9, 3.1, 8, 8),
(4.4, 4.3, 4.0, 9, 9),
(4.7, 4.5, 3.3, 10, 10),
(4.5, 4.2, 3.9, 11, 11),
(4.9, 4.7, 3.4, 12, 12),
(4.2, 4.1, 4.3, 13, 13),
(4.6, 4.8, 3.6, 14, 14),
(4.8, 4.4, 3.2, 15, 15),
(4.3, 4.0, 4.1, 16, 16),
(4.7, 4.6, 3.8, 17, 17),
(4.5, 4.3, 3.5, 18, 18),
(4.9, 4.9, 3.0, 19, 19),
(4.4, 4.2, 4.4, 20, 20),
(4.6, 4.5, 3.7, 21, 21),
(4.8, 4.7, 3.3, 22, 22),
(4.3, 4.1, 4.2, 23, 23),
(4.7, 4.8, 3.4, 24, 24),
(4.5, 4.4, 3.9, 25, 25),
(4.9, 4.6, 3.1, 26, 26),
(4.2, 4.0, 4.5, 27, 27),
(4.6, 4.3, 3.6, 28, 28),
(4.8, 4.5, 3.2, 29, 29),
(4.4, 4.2, 4.0, 30, 30),
(4.7, 4.4, 3.8, 31, 31),
(4.5, 4.1, 4.3, 32, 32),
(4.9, 4.7, 3.5, 33, 33),
(4.3, 4.0, 4.1, 34, 34),
(4.6, 4.3, 3.7, 35, 35),
(4.8, 4.6, 3.3, 36, 36),
(4.4, 4.2, 4.4, 37, 37),
(4.7, 4.5, 3.9, 38, 38),
(4.5, 4.4, 3.6, 39, 39),
(4.9, 4.8, 3.2, 40, 40);

INSERT INTO Review (date, dislikes, likes, content, teacherPageId, userid) VALUES
('2024-01-15', 2, 15, 'Excelente profesor, explica muy claro y es muy paciente con los estudiantes.', 1, 1),
('2024-01-16', 1, 23, 'Las clases son muy dinámicas y entretenidas, aprendo mucho con ella.', 2, 2),
('2024-01-17', 0, 18, 'Buen profesor pero sus evaluaciones son bastante difíciles.', 3, 3),
('2024-01-18', 3, 25, 'Increíble metodología de enseñanza, recomiendo totalmente sus clases.', 4, 4),
('2024-01-19', 2, 20, 'Muy buen dominio del idioma, sus clases son muy productivas.', 5, 5),
('2024-01-20', 1, 17, 'Excelente trato con estudiantes con necesidades especiales.', 6, 6),
('2024-01-21', 0, 22, 'Domina completamente los temas de cálculo, explica muy bien.', 7, 7),
('2024-01-22', 4, 28, 'Sus análisis históricos son profundos y muy interesantes.', 8, 8),
('2024-01-23', 1, 19, 'Muy bueno enseñando programación, proyectos prácticos y útiles.', 9, 9),
('2024-01-24', 2, 21, 'Enseña música de forma creativa y motivadora.', 10, 10),
('2024-01-25', 0, 24, 'Excelente preparación para pruebas estandarizadas.', 11, 11),
('2024-01-26', 3, 26, 'Análisis literario muy detallado y enriquecedor.', 12, 12),
('2024-01-27', 1, 16, 'Muy buenas clases de educación física, siempre innovando.', 13, 13),
('2024-01-28', 2, 23, 'Explica biología celular de forma muy clara y organizada.', 14, 14),
('2024-01-29', 0, 20, 'Estadística se hace fácil con sus explicaciones.', 15, 15),
('2024-01-30', 1, 18, 'Profundiza en conceptos filosóficos de manera accesible.', 16, 16),
('2024-01-31', 3, 25, 'Excelente para aplicaciones prácticas de matemáticas.', 17, 17),
('2024-02-01', 2, 22, 'Metodologías de enseñanza muy modernas y efectivas.', 18, 18),
('2024-02-02', 1, 19, 'Química se vuelve interesante con sus clases.', 19, 19),
('2024-02-03', 0, 21, 'Explica anatomía con mucho detalle y paciencia.', 20, 20),
('2024-02-04', 2, 24, 'Muy bueno enseñando cálculo, resuelve muchas dudas.', 21, 21),
('2024-02-05', 1, 17, 'Historia del arte muy bien contextualizada.', 22, 22),
('2024-02-06', 3, 26, 'Economía aplicada a la vida real, muy útil.', 23, 23),
('2024-02-07', 2, 20, 'Excelente para mejorar la redacción académica.', 24, 24),
('2024-02-08', 1, 18, 'Enseña ciencias políticas de forma muy objetiva.', 25, 25),
('2024-02-09', 0, 23, 'Muy buena comprensión de psicología educacional.', 26, 26),
('2024-02-10', 2, 21, 'Álgebra se hace comprensible con sus métodos.', 27, 27),
('2024-02-11', 1, 19, 'Enfoque muy actual en temas ambientales.', 28, 28),
('2024-02-12', 3, 25, 'Domina completamente la física avanzada.', 29, 29),
('2024-02-13', 2, 22, 'Comunicación efectiva es su especialidad.', 30, 30),
('2024-02-14', 1, 17, 'Explica derecho de forma clara y práctica.', 31, 31),
('2024-02-15', 0, 20, 'Microbiología muy bien explicada con ejemplos.', 32, 32),
('2024-02-16', 2, 24, 'Hace la trigonometría fácil de entender.', 33, 33),
('2024-02-17', 1, 18, 'Enfoque sociológico muy interesante y actual.', 34, 34),
('2024-02-18', 3, 26, 'Electrónica explicada de forma práctica y sencilla.', 35, 35),
('2024-02-19', 2, 21, 'Literatura comparada muy bien enseñada.', 36, 36),
('2024-02-20', 1, 19, 'Contabilidad muy bien estructurada en sus clases.', 37, 37),
('2024-02-21', 0, 22, 'Bioquímica compleja hecha comprensible.', 38, 38),
('2024-02-22', 2, 24, 'Ecuaciones diferenciales explicadas paso a paso.', 39, 39),
('2024-02-23', 1, 20, 'Pedagogía teatral muy innovadora y entretenida.', 40, 40);

INSERT INTO Comment (likes, content, dislikes, date, userid, postId) VALUES
(5, 'Totalmente de acuerdo con tu publicación, gracias por compartir.', 0, '2024-01-16', 2, 1),
(8, 'Muy buenos consejos, los pondré en práctica este semestre.', 1, '2024-01-17', 3, 2),
(3, 'Yo también tuve ese problema, la solución está en el capítulo 3.', 0, '2024-01-18', 4, 3),
(12, 'Gracias por las recomendaciones, ya descargué algunos libros.', 2, '2024-01-19', 5, 4),
(7, 'Comparto tu experiencia, el primer año es un desafío grande.', 1, '2024-01-20', 6, 5),
(9, 'Uso la técnica pomodoro y me ha funcionado muy bien.', 0, '2024-01-21', 7, 6),
(4, 'Prepararse con tiempo es clave para los exámenes finales.', 1, '2024-01-22', 8, 7),
(15, 'Excelentes recursos, justo lo que necesitaba para practicar.', 3, '2024-01-23', 9, 8),
(2, 'Te recomiendo ver videos en YouTube sobre ese tema.', 0, '2024-01-24', 10, 9),
(11, 'Muy interesante tu proyecto, ¿podrías compartir más detalles?', 1, '2024-01-25', 11, 10),
(6, 'El miedo a hablar en público es común, gracias por los tips.', 2, '2024-01-26', 12, 11),
(13, 'Esas aplicaciones son geniales, especialmente para organizar tiempo.', 1, '2024-01-27', 13, 12),
(3, 'Las reacciones de sustitución son complicadas al principio.', 0, '2024-01-28', 14, 13),
(10, 'Tu rutina es muy similar a la mía, funciona excelente.', 2, '2024-01-29', 15, 14),
(17, 'Los cursos online han sido un gran complemento para mí también.', 3, '2024-01-30', 16, 15),
(4, 'Ese tema histórico es muy controversial, hay varias posturas.', 1, '2024-01-31', 17, 16),
(8, 'Tomar apuntes con colores mejora mucho la retención.', 0, '2024-02-01', 18, 17),
(7, 'Las tutorías me salvaron en cálculo el semestre pasado.', 1, '2024-02-02', 19, 18),
(19, 'Como programador, confirmo que esos recursos son los mejores.', 4, '2024-02-03', 20, 19),
(3, 'Los intervalos de confianza se entienden mejor con ejemplos prácticos.', 0, '2024-02-04', 21, 20),
(11, 'La técnica de loci es excelente para memorizar, la recomiendo.', 2, '2024-02-05', 22, 21),
(14, 'Aprendí inglés con métodos similares, funciona muy bien.', 3, '2024-02-06', 23, 22),
(5, 'Mitosis y meiosis se diferencian en la cantidad de divisiones.', 1, '2024-02-07', 24, 23),
(9, 'Practicar frente al espejo ayuda mucho para exámenes orales.', 0, '2024-02-08', 25, 24),
(16, 'Khan Academy tiene excelentes ejercicios de matemáticas.', 2, '2024-02-09', 26, 25),
(8, 'La educación online requiere mucha disciplina, coincido contigo.', 4, '2024-02-10', 27, 26),
(12, 'Organizar el tiempo es mi mayor desafío, gracias por los consejos.', 1, '2024-02-11', 28, 27),
(4, 'Gabriel García Márquez es un genio de la literatura.', 0, '2024-02-12', 29, 28),
(10, 'Leer con guía mejora mucho la velocidad y comprensión.', 2, '2024-02-13', 30, 29),
(13, 'Canva es excelente para diseño gráfico principiante.', 1, '2024-02-14', 31, 30),
(3, 'Los espacios vectoriales se entienden mejor con geometría.', 0, '2024-02-15', 32, 31),
(11, 'El método pomodoro me ha ayudado mucho con la concentración.', 3, '2024-02-16', 33, 32),
(7, 'Los trabajos grupales son un desafío de coordinación.', 1, '2024-02-17', 34, 33),
(15, 'Economía para todos es un libro excelente para empezar.', 2, '2024-02-18', 35, 34),
(5, 'La dialéctica es fundamental en filosofía hegeliana.', 1, '2024-02-19', 36, 35),
(13, 'Establecer metas pequeñas ayuda a mantener la motivación.', 4, '2024-02-20', 37, 36),
(8, 'Complete Anatomy es la mejor app para estudiar anatomía.', 1, '2024-02-21', 38, 37),
(4, 'La integración por partes requiere mucha práctica.', 0, '2024-02-22', 39, 38),
(10, 'Para exámenes test, es importante leer todas las opciones.', 2, '2024-02-23', 40, 39),
(14, 'Estudiar en el extranjero te da una perspectiva global única.', 3, '2024-02-24', 1, 40);

INSERT INTO Comment (likes, content, dislikes, date, userid, postId) VALUES
(8, 'Excelente publicación, justo lo que necesitaba leer hoy. Gracias por compartir tu experiencia.', 1, '2024-01-16', 1, 2),
(12, 'Totalmente de acuerdo con estos consejos, los he aplicado y mi rendimiento mejoró notablemente.', 2, '2024-01-18', 1, 4),
(5, 'Tuve el mismo problema la semana pasada, la solución está en revisar el teorema fundamental.', 0, '2024-01-19', 1, 3),
(15, 'Estos recursos son oro puro, especialmente para quienes estamos empezando en programación.', 3, '2024-01-20', 1, 8),
(7, 'Como estudiante de primer año, confirmo que la experiencia puede ser abrumadora al principio.', 1, '2024-01-21', 1, 5),
(9, 'La técnica pomodoro cambió completamente mi forma de estudiar, altamente recomendada.', 0, '2024-01-22', 1, 6),
(6, 'Prepararse con anticipación es clave, yo empecé 3 semanas antes del examen final.', 2, '2024-01-23', 1, 7),
(11, '¿Podrías recomendar algún recurso específico para aprender alemán desde cero?', 1, '2024-01-24', 1, 8),
(4, 'Para ese concepto te recomiendo el canal de YouTube de "Ciencia Today", explican muy bien.', 0, '2024-01-25', 1, 9),
(18, 'Me encantó tu proyecto, ¿has considerado participar en ferias científicas?', 2, '2024-01-26', 1, 10),
(8, 'El miedo escénico es algo que todos enfrentamos, practicar frente a amigos ayuda mucho.', 1, '2024-01-27', 1, 11),
(14, 'Esas aplicaciones son esenciales para cualquier estudiante organizado.', 3, '2024-01-28', 1, 12),
(5, 'Las reacciones de sustitución nucleófila son las más comunes en química orgánica.', 0, '2024-01-29', 1, 13),
(13, 'Tu rutina es muy similar a la que uso, aunque yo agregaría descansos más largos.', 2, '2024-01-30', 1, 14),
(20, 'Coursera y edX tienen cursos excelentes de universidades top mundial.', 4, '2024-01-31', 1, 15),
(7, 'La guerra del Pacífico tuvo impactos económicos que duran hasta hoy.', 1, '2024-02-01', 1, 16),
(10, 'Tomar apuntes digitales me ha funcionado mejor que en papel.', 0, '2024-02-02', 1, 17),
(9, 'Las tutorías entre pares son muy efectivas y económicas.', 2, '2024-02-03', 1, 18),
(16, 'Como desarrollador junior, estos recursos me han ahorrado meses de aprendizaje.', 3, '2024-02-04', 1, 19),
(6, 'Los intervalos de confianza del 95% son los más usados en investigación.', 1, '2024-02-05', 1, 20);

INSERT INTO Review (date, dislikes, likes, content, teacherPageId, userid) VALUES
('2024-01-15', 2, 15, 'El profesor González transformó mi visión de las matemáticas. Sus explicaciones son claras y siempre está dispuesto a ayudar fuera de horario.', 1, 1),
('2024-01-18', 1, 23, 'La profesora Martínez tiene una metodología única para enseñar literatura. Hace que los clásicos sean relevantes para nuestra época.', 2, 1),
('2024-01-20', 0, 18, 'El profesor Silva hace que la química sea fascinante. Sus experimentos en clase son seguros pero muy ilustrativos.', 3, 1),
('2024-01-22', 3, 25, 'Increíble cómo la profesora Rodríguez contextualiza la historia. No solo memorizamos fechas, entendemos procesos históricos.', 4, 1),
('2024-01-24', 2, 20, 'El profesor López me preparó para el IELTS y obtuve band 8.0. Su método de enseñanza es muy estructurado y efectivo.', 5, 1),
('2024-01-26', 1, 17, 'La profesora Pérez tiene una paciencia infinita y adapta sus métodos a cada estudiante. Excelente para necesidades especiales.', 6, 1),
('2024-01-28', 0, 22, 'El profesor Torres domina el cálculo multivariable como nadie. Sus ejemplos del mundo real hacen que todo tenga sentido.', 7, 1),
('2024-01-30', 4, 28, 'La profesora Díaz enseña sociología con pasión. Sus análisis de la realidad chilena son profundos y bien fundamentados.', 8, 1),
('2024-02-01', 1, 19, 'El profesor Vargas me enseñó Python en 3 meses. Sus proyectos prácticos son perfectos para construir portafolio.', 9, 1),
('2024-02-03', 2, 21, 'La profesora Núñez hace que la música sea accesible para todos. Nunca pensé que podría tocar guitarra, pero ahora lo hago.', 10, 1),
('2024-02-05', 0, 24, 'El profesor Herrera tiene un don para explicar física compleja. Sus analogías hacen que conceptos abstractos sean comprensibles.', 11, 1),
('2024-02-07', 3, 26, 'La profesora Castro analiza literatura con una profundidad increíble. Sus clases son como viajes en el tiempo.', 12, 1),
('2024-02-09', 1, 16, 'El profesor Ortiz hace que el ejercicio sea divertido. Sus rutinas son variadas y se adaptan a todos los niveles.', 13, 1),
('2024-02-11', 2, 23, 'La profesora Ríos explica biología molecular con una claridad excepcional. Sus diagramas son obras de arte.', 14, 1),
('2024-02-13', 0, 20, 'El profesor Mora hace que la estadística no dé miedo. Sus ejemplos con datos reales son muy ilustrativos.', 15, 1),
('2024-02-15', 1, 18, 'La profesora Paredes enseña filosofía conectándola con problemas actuales. Muy relevante para los jóvenes.', 16, 1),
('2024-02-17', 3, 25, 'El profesor Salazar aplica matemáticas a problemas de ingeniería reales. Perfecto para quienes quieren aplicar conocimientos.', 17, 1),
('2024-02-19', 2, 22, 'La profesora Cordero conoce todas las metodologías pedagógicas modernas. Muy útil para futuros profesores.', 18, 1),
('2024-02-21', 1, 19, 'El profesor Figueroa hace que la química orgánica sea sistemática y predecible. Sus reglas mnemotécnicas son geniales.', 19, 1),
('2024-02-23', 0, 21, 'La profesora Leiva enseña anatomía con modelos 3D que facilitan mucho el aprendizaje. Muy innovadora.', 20, 1);